"id","pop","lat","lon","year","sex","age","svl","weight","species"
"AA14896","N_Can",-35.0849090711782,149.288042353485,"2009","F","",NA,NA,"Tympanocryptis lineata"
"AA14951","S_Can",-35.502443281052,149.166209326624,"2010","M","SA",46.1,2.97,"Tympanocryptis lineata"
"AA61574","N_Can",-35.0904525151011,149.312326102869,"2014","M","A",62,5.38,"Tympanocryptis lineata"
"AA61576","W_Can",-35.4522260126031,149.01654523369,"2014","M","A",54.2,6.05,"Tympanocryptis lineata"
"AA14393","N_Can",-35.0793148248387,149.306415818512,"2006",NA,"J",36.2,2.52,"Tympanocryptis lineata"
"AA61585","E_Can",-35.4528416180725,149.231669498949,"2013","UK","J",23.3,2.3,"Tympanocryptis lineata"
"AA61593","E_Can",-35.4369543890857,149.229752045597,"2013","M","A",66.4,5.29,"Tympanocryptis lineata"
"AA67096","E_Can",-35.4359199111145,149.247065062527,"2015","U","J",27.9,2.93,"Tympanocryptis lineata"
"AA14816","S_Can",-35.4907444670795,149.169798990693,"2008","J",NA,NA,NA,"Tympanocryptis lineata"
"AA14873","S_Can",-35.5122879723966,149.191229920656,"2007","U",NA,NA,NA,"Tympanocryptis lineata"
"AA14881","S_Can",-35.4864381001406,149.17908021424,"2007","U",NA,NA,NA,"Tympanocryptis lineata"
"AA14939","N_Can",-35.0950928391331,149.286779442788,"2010","F","A",84.3,5.13,"Tympanocryptis lineata"
"AA14981","S_Can",-35.4946609113242,149.180435684583,"2009","F","",NA,NA,"Tympanocryptis lineata"
"AA15258","E_Can",-35.441960051179,149.235385628247,"2013","M","SA",41.6,3.89,"Tympanocryptis lineata"
"AA14409","N_Can",-35.089348054617,149.296615499934,"2006",NA,"J",33.3,3.7,"Tympanocryptis lineata"
"AA61586","E_Can",-35.4264317417269,149.232230293668,"2013","UK","SA",43.3,3.83,"Tympanocryptis lineata"
"AA61594","E_Can",-35.43865483602,149.230525135126,"2013","UK","SA",40.9,3.89,"Tympanocryptis lineata"
"AA67097","E_Can",-35.4389070710699,149.232366238856,"2015","U","J",29.9,2.82,"Tympanocryptis lineata"
"AA14819","S_Can",-35.4911270440418,149.166989376826,"2008","J",NA,NA,NA,"Tympanocryptis lineata"
"AA14874","S_Can",-35.5099293378207,149.177147773528,"2007","U",NA,NA,NA,"Tympanocryptis lineata"
"AA14882","N_Can",-35.092941196697,149.282076186192,"2007","U",NA,NA,NA,"Tympanocryptis lineata"
"AA14947","N_Can",-35.0774452573115,149.295603413713,"2010","M","SA",47.6,4.02,"Tympanocryptis lineata"
"AA14982","S_Can",-35.4825407840988,149.187227660492,"2009","J","",NA,NA,"Tympanocryptis lineata"
"AA14537","N_Can",-35.0826737430312,149.276791620916,"2006","M","SA",38.2,4.21,"Tympanocryptis lineata"
"AA61587","E_Can",-35.4454294892611,149.221969749871,"2013","UK","J",31.3,2.9,"Tympanocryptis lineata"
"AA61595","E_Can",-35.4412277434126,149.235394855653,"2013","UK","J",29.8,3.54,"Tympanocryptis lineata"
"AA67098","E_Can",-35.4419364582788,149.233668077403,"2015","F","A",58.3,5.81,"Tympanocryptis lineata"
"AA14875","S_Can",-35.5071417874518,149.185821236806,"2007","U",NA,NA,NA,"Tympanocryptis lineata"
"AA14884","N_Can",-35.0827647285058,149.289946897454,"2007","F?",NA,NA,NA,"Tympanocryptis lineata"
"AA14949","N_Can",-35.0947639726289,149.293525886388,"2010","F","SA",47,3.5,"Tympanocryptis lineata"
"AA14986","S_Can",-35.5052434403681,149.188942508091,"2009","J","",NA,NA,"Tympanocryptis lineata"
"AA14538","N_Can",-35.1053040286632,149.274741741694,"2006","M","A",66.4,5.89,"Tympanocryptis lineata"
"AA61588","E_Can",-35.4447370424497,149.232995905215,"2013","M","J",21.5,2.18,"Tympanocryptis lineata"
"AA61596","E_Can",-35.4617111596086,149.2251958095,"2013","M?","SA",40.5,3.26,"Tympanocryptis lineata"
"AA67099","E_Can",-35.4239497916373,149.219092179818,"2015","U","J",37.8,4.11,"Tympanocryptis lineata"
"AA14836","S_Can",-35.5034511037723,149.163359234609,"2008","J",NA,NA,NA,"Tympanocryptis lineata"
"AA14876","S_Can",-35.4887172233781,149.183462758504,"2007","U",NA,NA,NA,"Tympanocryptis lineata"
"AA14887","S_Can",-35.5115975116675,149.184463998766,"2009","J","",NA,NA,"Tympanocryptis lineata"
"AA14952","N_Can",-35.076151274501,149.299613178969,"2010","M","SA",47.8,4.49,"Tympanocryptis lineata"
"AA14987","S_Can",-35.4932686095213,149.165234124972,"2009","F","",NA,NA,"Tympanocryptis lineata"
"AA14541","N_Can",-35.0688547386601,149.291930270022,"2006","F","SA",44.9,4.16,"Tympanocryptis lineata"
"AA61589","E_Can",-35.4490498875999,149.243567366451,"2013","UK","SA",40.6,3.98,"Tympanocryptis lineata"
"AA61597","E_Can",-35.4393708887078,149.244881033597,"2013","F?","SA",42.4,4.21,"Tympanocryptis lineata"
"AA67100","E_Can",-35.4510190230185,149.203448504859,"2015","U","J",30.4,3.02,"Tympanocryptis lineata"
"AA14841","S_Can",-35.5095907712179,149.17589372238,"2008","J",NA,NA,NA,"Tympanocryptis lineata"
"AA14877","S_Can",-35.503684745644,149.192095842328,"2007","U",NA,NA,NA,"Tympanocryptis lineata"
"AA14900","S_Can",-35.499312216296,149.182146351961,"2009","M","",NA,NA,"Tympanocryptis lineata"
"AA14954","N_Can",-35.083366104908,149.277109596572,"2010","M","A",57.6,5.75,"Tympanocryptis lineata"
"AA14988","S_Can",-35.489797482643,149.171982816397,"2009","J","",NA,NA,"Tympanocryptis lineata"
"AA15245","E_Can",-35.4363715238095,149.219527334037,"2014","M","A",61.1,5.75,"Tympanocryptis lineata"
"AA14542","N_Can",-35.0732974755736,149.278320809488,"2006","F","A",72.9,5.13,"Tympanocryptis lineata"
"AA61590","E_Can",-35.4327965899361,149.219413547478,"2013","UK","J",29.4,3.08,"Tympanocryptis lineata"
"AA61598","E_Can",-35.4271051323768,149.237283684917,"2013","UK","J",33.7,2.98,"Tympanocryptis lineata"
"AA67101","E_Can",-35.4425349797286,149.219711910025,"2015","M","A",72.3,5.56,"Tympanocryptis lineata"
"AA14855","S_Can",-35.5038859073076,149.190780778844,"2009","J","",NA,NA,"Tympanocryptis lineata"
"AA14878","S_Can",-35.513457848233,149.165906249971,"2007","U",NA,NA,NA,"Tympanocryptis lineata"
"AA14908","S_Can",-35.5084560142516,149.179671111081,"2009","F","",NA,NA,"Tympanocryptis lineata"
"AA14959","N_Can",-35.1024599496885,149.276069721182,"2011","F","",NA,NA,"Tympanocryptis lineata"
"AA14994","N_Can",-35.0953203490426,149.284003493627,"2010","F","A",62.2,5.03,"Tympanocryptis lineata"
"AA15254","S_Can",-35.4984594542665,149.186160056549,"2013","M","",NA,NA,"Tympanocryptis lineata"
"AA61533","S_Can",-35.4780440838449,149.182286751177,"2012","M?","",NA,NA,"Tympanocryptis lineata"
"AA14587","S_Can",-35.5041025667619,149.188562286341,"2007","M",NA,NA,NA,"Tympanocryptis lineata"
"AA61591","E_Can",-35.4556012205512,149.21056238766,"2013","UK","J",35.6,4.03,"Tympanocryptis lineata"
"AA67094","E_Can",-35.4404159789349,149.210719393404,"2015","F","A",58.5,5.36,"Tympanocryptis lineata"
"AA14871","S_Can",-35.5005975814599,149.17630904429,"2007","U",NA,NA,NA,"Tympanocryptis lineata"
"AA14879","S_Can",-35.4863187405062,149.195307570061,"2007","U",NA,NA,NA,"Tympanocryptis lineata"
"AA14933","S_Can",-35.4981552757654,149.195871140331,"2009","F","",NA,NA,"Tympanocryptis lineata"
"AA14967","S_Can",-35.4906409696083,149.172879037819,"2012","F","A",57.1,5.54,"Tympanocryptis lineata"
"AA14999","S_Can",-35.4910146326044,149.169610703388,"2011","J","",NA,NA,"Tympanocryptis lineata"
"AA15256","E_Can",-35.4383238045985,149.237586983939,"2013","M","A",70.6,5.04,"Tympanocryptis lineata"
"AA61534","S_Can",-35.4890885792687,149.203343523299,"2012","M?","",NA,NA,"Tympanocryptis lineata"
"AA61566","E_Can",-35.4703449141475,149.224760695091,"2016","M","A",48.9,5.59,"Tympanocryptis lineata"
"AA14815","S_Can",-35.5075384409684,149.193497726544,"2008","J",NA,NA,NA,"Tympanocryptis lineata"
"AA61592","E_Can",-35.4335717140575,149.232461849465,"2013","UK","SA",47.4,3.45,"Tympanocryptis lineata"
"AA67095","E_Can",-35.443534920217,149.22429245691,"2015","U","J",26.8,2.31,"Tympanocryptis lineata"
"AA14872","S_Can",-35.5089088902184,149.172940285116,"2007","U",NA,NA,NA,"Tympanocryptis lineata"
"AA14880","S_Can",-35.5100032974641,149.196244967689,"2007","U",NA,NA,NA,"Tympanocryptis lineata"
"AA14936","S_Can",-35.4943582292443,149.191964431217,"2009","M","",NA,NA,"Tympanocryptis lineata"
"AA14978","S_Can",-35.4919460008024,149.17253057337,"2009","F","",NA,NA,"Tympanocryptis lineata"
"AA15257","E_Can",-35.4363149475888,149.233354976122,"2013","UK","J",31,3.02,"Tympanocryptis lineata"
"AA61538","S_Can",-35.5005190818438,149.18610851314,"2012","M?","",NA,NA,"Tympanocryptis lineata"
"AA61584","E_Can",-35.4318079275349,149.246316593195,"2013","M","SA",47.5,3.83,"Tympanocryptis lineata"
"AA61599","E_Can",-35.4448288160854,149.24743554283,"2013","F","A",65.3,6.07,"Tympanocryptis lineata"
"AA67080","E_Can",-35.4340726961441,149.224137680869,"2015","U","SA",42.1,4.28,"Tympanocryptis lineata"
"AA67088","E_Can",-35.4370426778928,149.227536650246,"2015","U","J",36.6,4.03,"Tympanocryptis lineata"
"AA61615","E_Can",-35.4611498139169,149.241987605917,"2013","M","A",73.3,5.51,"Tympanocryptis lineata"
"AA61634","E_Can",-35.4229682852323,149.215316819451,"2016","u","SA",44.4,3.96,"Tympanocryptis lineata"
"AA61600","E_Can",-35.4357216955674,149.233120998071,"2013","M","SA",43.5,3.55,"Tympanocryptis lineata"
"AA67081","E_Can",-35.429433363057,149.232267205768,"2015","M","SA",46.2,4.51,"Tympanocryptis lineata"
"AA61617","E_Can",-35.4284568623226,149.226695065499,"2013","F","A",58.7,5.01,"Tympanocryptis lineata"
"AA61646","S_Can",-35.4966914226779,149.174883516211,"2013","F","A",73.3,5.18,"Tympanocryptis lineata"
"AA67082","E_Can",-35.4562734023695,149.248433184208,"2015","F","SA",42.7,4.54,"Tympanocryptis lineata"
"AA67091","E_Can",-35.4492173880342,149.218784296539,"2015","U","J",35.4,2.52,"Tympanocryptis lineata"
"AA61618","E_Can",-35.4295050406892,149.237984253893,"2013","F","A",62,4.85,"Tympanocryptis lineata"
"AA67083","E_Can",-35.4337235298302,149.241453031696,"2015","U","J",29.8,2.85,"Tympanocryptis lineata"
"AA67092","E_Can",-35.449893025092,149.233322388258,"2015","F","SA",41.7,3.37,"Tympanocryptis lineata"
"AA61619","E_Can",-35.4558963048306,149.232955114453,"2013","F","A",66.7,5.06,"Tympanocryptis lineata"
"AA61603","E_Can",-35.4495537329942,149.225659890555,"2013","F","A",79.8,6.26,"Tympanocryptis lineata"
"AA67084","E_Can",-35.4392458432115,149.234445240005,"2015","F","A",69.7,4.93,"Tympanocryptis lineata"
"AA67093","E_Can",-35.4351097302879,149.230730377317,"2015","M","A",70.6,6.22,"Tympanocryptis lineata"
"AA61620","E_Can",-35.4387755835575,149.214522808972,"2013","M","A",68.1,4.95,"Tympanocryptis lineata"
"AA61665","E_Can",-35.4621668762963,149.225387091278,"2013","M","SA",40.6,4.41,"Tympanocryptis lineata"
"AA61607","E_Can",-35.4459200547368,149.250501708354,"2013","M","A",55.7,5.46,"Tympanocryptis lineata"
"AA67085","E_Can",-35.4478775700496,149.217807497595,"2015","M","SA",46.8,3.92,"Tympanocryptis lineata"
"AA61666","E_Can",-35.4334991739539,149.228255014898,"2013","F","A",75.8,5.39,"Tympanocryptis lineata"
"AA61610","S_Can",-35.4855399174532,149.181823704007,"2014","F","A",81.3,5.01,"Tympanocryptis lineata"
"AA67086","E_Can",-35.4282389362293,149.217505069668,"2015","U","J",26.4,3.01,"Tympanocryptis lineata"
"AA61612","E_Can",-35.4452227354187,149.246857846669,"2014","u","J",27.6,3.01,"Tympanocryptis lineata"
"AA67087","E_Can",-35.4311332068264,149.227041835914,"2015","F","J",32.8,3.71,"Tympanocryptis lineata"
"AA61626","unknown",NA,NA,"unknown",NA,NA,NA,NA,"Tympanocryptis lineata"
"AA67102","E_Can",-35.423320194482,149.241679819402,"2015","U","J",36.1,3.4,"Tympanocryptis lineata"
"AA67164","N_Can",-35.0867003338861,149.292292551691,"2016","M","A",78.7,6.05,"Tympanocryptis lineata"
"AA67185","E_Can",-35.4557261254268,149.221975053784,"2016","M","A",53.2,5.54,"Tympanocryptis lineata"
"AA67199","E_Can",-35.4283556521523,149.23102982239,"2016","u","J",22.3,2.26,"Tympanocryptis lineata"
"AA67260","E_Can",-35.4389191768329,149.223299974704,"2016","u","J",36.3,3.12,"Tympanocryptis lineata"
"AA67103","E_Can",-35.442098663961,149.219404720861,"2015","F","SA",40.3,5.08,"Tympanocryptis lineata"
"AA67166","N_Can",-35.0827409502848,149.286205850321,"2016","M","A",80.6,5.81,"Tympanocryptis lineata"
"AA67189","E_Can",-35.4411558621971,149.240605826902,"2016","M","A",84.7,4.97,"Tympanocryptis lineata"
"AA67200","E_Can",-35.4409908161513,149.238924573808,"2016","M","SA",41.1,3.23,"Tympanocryptis lineata"
"AA67261","E_Can",-35.4613713970042,149.233310295639,"2016","M","J",25.1,2.77,"Tympanocryptis lineata"
"AA67104","E_Can",-35.4562319953248,149.242509003641,"2015","U","SA",45.9,3.7,"Tympanocryptis lineata"
"AA67168","E_Can",-35.427685018103,149.234298867555,"2016","M","J",36,2.87,"Tympanocryptis lineata"
"AA67190","E_Can",-35.4390676154201,149.221841931902,"2016","F","SA",40.5,4.23,"Tympanocryptis lineata"
"AA67242","E_Can",-35.430045735007,149.230597860383,"2016","u","SA",41,3.3,"Tympanocryptis lineata"
"AA67263","N_Can",-35.0695576538656,149.297410568211,"2016","F","SA",38.2,4.33,"Tympanocryptis lineata"
"AA67105","E_Can",-35.4358139473808,149.233135149425,"2015","F","A",72.8,5.48,"Tympanocryptis lineata"
"AA67169","E_Can",-35.425548391924,149.243749126612,"2016","M","A",71.9,5.29,"Tympanocryptis lineata"
"AA67191","E_Can",-35.441098246317,149.238996269202,"2016","u","SA",40.7,3.02,"Tympanocryptis lineata"
"AA67243","E_Can",-35.4422811010135,149.220705799472,"2016","F","A",51.1,5.59,"Tympanocryptis lineata"
"AA67271","E_Can",-35.4354498065062,149.223111161844,"2016","M","A",55.4,5.6,"Tympanocryptis lineata"
"AA67106","E_Can",-35.444111493766,149.215469211973,"2015","U","J",36,3.71,"Tympanocryptis lineata"
"AA67170","E_Can",-35.4513232115002,149.23815564531,"2016","M","SA",47.6,4.77,"Tympanocryptis lineata"
"AA67193","E_Can",-35.4345828020247,149.225949772073,"2016","F","SA",46.8,4.75,"Tympanocryptis lineata"
"AA67250","N_Can",-35.0841470065806,149.2992302333,"2016","F","SA",40.8,3.12,"Tympanocryptis lineata"
"AA67272","E_Can",-35.4444594749744,149.222621422011,"2016","M","SA",46.7,4.37,"Tympanocryptis lineata"
"AA67107","E_Can",-35.4299149613224,149.223130632307,"2015","U","J",34,2.65,"Tympanocryptis lineata"
"AA67183","E_Can",-35.4224057125581,149.22477998826,"2016","u","SA",47.3,3.67,"Tympanocryptis lineata"
"AA67173","N_Can",-35.0680061177566,149.298378184297,"2016","M","SA",47,4.13,"Tympanocryptis lineata"
"AA67194","E_Can",-35.4318745078874,149.223222566029,"2016","u","J",22.9,3.42,"Tympanocryptis lineata"
"AA67252","E_Can",-35.4384634798298,149.208802350992,"2016","M","J",20.9,3.01,"Tympanocryptis lineata"
"AA67278","W_Can",-35.4363761252011,149.044046714375,"2016","F","A",67,4.69,"Tympanocryptis lineata"
"AA67178","E_Can",-35.4466629358146,149.235435501171,"2016","u","SA",45.5,5.07,"Tympanocryptis lineata"
"AA67195","E_Can",-35.4405641038352,149.21441688598,"2016","u","J",23.3,3.44,"Tympanocryptis lineata"
"AA67253","E_Can",-35.4351660283388,149.22121778351,"2016","u","J",26.6,2.83,"Tympanocryptis lineata"
"AA67281","S_Can",-35.502411093788,149.164944147754,"2016","","SA",40.4,4.33,"Tympanocryptis lineata"
"AA67163","N_Can",-35.0981614133675,149.309896770762,"2016","F","A",73.8,5.57,"Tympanocryptis lineata"
"AA67182","E_Can",-35.4376869182268,149.241314197582,"2016","u","SA",46.1,4.15,"Tympanocryptis lineata"
"AA67197","E_Can",-35.4339585438034,149.218993234095,"2016","u","J",36.7,3.21,"Tympanocryptis lineata"
"AA67259","E_Can",-35.4509519149209,149.238321228974,"2016","M","SA",45.6,4.27,"Tympanocryptis lineata"
"AA67282","S_Can",-35.4979626938578,149.191663111672,"2016","","A",69.6,5.46,"Tympanocryptis lineata"
"AA61667","E_Can",-35.4601187005066,149.211390510543,"2013","M","A",83.2,5.59,"Tympanocryptis lineata"
"AA67267","N_Can",-35.1014801809919,149.300004658143,"2016","u","SA",47.8,4.55,"Tympanocryptis lineata"
"AA67268","N_Can",-35.0667003210234,149.285053653055,"2016","u","SA",43.2,3.83,"Tympanocryptis lineata"
"AA67493","S_Can",-35.4922617210949,149.168196071303,"2018",NA,"J",28.7,4.18,"Tympanocryptis lineata"
"AA83352","E_Can",-35.4161136059901,149.223577112133,"2020","M?","A",82.3,5.03,"Tympanocryptis lineata"
"AA14328","W_Can",-35.4288220052272,149.047560686269,"2006","U","J",22.1,2.83,"Tympanocryptis lineata"
"AA14329","W_Can",-35.4349825283924,149.05089988338,"2006","U","J",25.8,2.98,"Tympanocryptis lineata"
"AA15240","N_Can",-35.0703379646846,149.291343437865,"2013","M","SA",38.7,3.62,"Tympanocryptis lineata"
"AA15241","N_Can",-35.0778509564382,149.292911788766,"2013","U","J",36.1,3.31,"Tympanocryptis lineata"
"AA14550","W_Can",-35.4441396400052,149.037424878589,"2006","F","SA",40.5,5.43,"Tympanocryptis lineata"
"AA15235","N_Can",-35.0724688199169,149.284023577739,"2013","M","SA",41.1,3.26,"Tympanocryptis lineata"
"AA15252","W_Can",-35.4302926967247,149.036580371562,"2014","M","A",63.4,4.66,"Tympanocryptis lineata"
"AA61614","S_Can",-35.4965953238644,149.198866681765,"2013","M","A",76.4,5.45,"Tympanocryptis lineata"
"AA67289","S_Can",-35.5227831383177,149.165675532132,"2016","M","A",80.5,4.66,"Tympanocryptis lineata"
"AA67297","S_Can",-35.5005775559815,149.186210931031,"2016","","",NA,NA,"Tympanocryptis lineata"
"AA14419","W_Can",-35.4385425346548,149.052563533852,"2006","M","A",60.6,5.61,"Tympanocryptis lineata"
"AA14890","W_Can",-35.4308108672649,149.061684811786,"2009","M","SA",43.7,3.44,"Tympanocryptis lineata"
"AA14830","W_Can",-35.4576347717371,149.036035054238,"2008","M","SA",42.8,3.75,"Tympanocryptis lineata"
"AA14930","W_Can",-35.4337996140482,149.036906043472,"2009","M","A",64.5,4.44,"Tympanocryptis lineata"
"AA14527","S_Can",-35.5129231421876,149.167036056899,"2006","U",NA,NA,NA,"Tympanocryptis lineata"
"AA14953","W_Can",-35.4428472822082,149.027363799836,"2010","M","",NA,NA,"Tympanocryptis lineata"
"AA14552","W_Can",-35.4321110660819,149.042380054199,"2006","M","A",52.1,5.55,"Tympanocryptis lineata"
"AA15239","N_Can",-35.085037392376,149.300646024964,"2013","U","J",21.2,2.42,"Tympanocryptis lineata"
"AA15255","S_Can",-35.5041803020651,149.193739537381,"2013","u","",NA,NA,"Tympanocryptis lineata"
"AA61616","S_Can",-35.5136520059158,149.18069965264,"2013","M","A",52.1,5.29,"Tympanocryptis lineata"
"AA67290","S_Can",-35.510172899874,149.174073532147,"2016","","",NA,NA,"Tympanocryptis lineata"
"AA67298","S_Can",-35.5000620616468,149.179179183056,"2016","","SA",42.4,3.73,"Tympanocryptis lineata"
"AA14555","W_Can",-35.4379572838407,149.050507666148,"2006","M","A",51.2,5.33,"Tympanocryptis lineata"
"AA14921","W_Can",-35.4571036720477,149.023675969916,"2009","M","A",76.1,5.69,"Tympanocryptis lineata"
"AA14831","W_Can",-35.4452445923968,149.053137384849,"2008","J","SA",41.9,4.01,"Tympanocryptis lineata"
"AA14979","W_Can",-35.4455731676897,149.053403169189,"2009","F","SA",39.2,3.69,"Tympanocryptis lineata"
"AA14528","S_Can",-35.5312428393491,149.169722613706,"2006","F?",NA,NA,NA,"Tympanocryptis lineata"
"AA14956","W_Can",-35.4421374283166,149.041884913903,"2010","M","",NA,NA,"Tympanocryptis lineata"
"AA14557","W_Can",-35.4314421960924,149.061409214041,"2006","M","SA",41.5,3.1,"Tympanocryptis lineata"
"AA15242","N_Can",-35.0918619562609,149.290765109216,"2013","U","J",27.3,2.25,"Tympanocryptis lineata"
"AA15261","S_Can",-35.4949514462774,149.179106741479,"2013","F","U",NA,NA,"Tympanocryptis lineata"
"AA61668","S_Can",-35.496050114003,149.186723492268,"2013","M","A",80.7,5.05,"Tympanocryptis lineata"
"AA67291","S_Can",-35.5028168336568,149.175017766846,"2016","","A",72.2,4.91,"Tympanocryptis lineata"
"AA67299","S_Can",-35.5205452013795,149.182250699798,"2016","","SA",42.5,3.75,"Tympanocryptis lineata"
"AA67192","N_Can",-35.094100278388,149.28800988854,"2016","M","A",62,5.67,"Tympanocryptis lineata"
"AA14925","W_Can",-35.4260078464498,149.033524598695,"2009","F","A",50.2,5.67,"Tympanocryptis lineata"
"AA14833","W_Can",-35.4563683752221,149.047857409314,"2008","M?","SA",38.8,3.88,"Tympanocryptis lineata"
"AA67254","N_Can",-35.1012150233313,149.281230413702,"2016","M","A",78,5.37,"Tympanocryptis lineata"
"AA14529","S_Can",-35.5079073282164,149.198712418263,"2006","F?",NA,NA,NA,"Tympanocryptis lineata"
"AA14958","W_Can",-35.4403868441807,149.040774516792,"2010","M","",NA,NA,"Tympanocryptis lineata"
"AA67284","S_Can",-35.4962658185969,149.183146079397,"2016","","A",49.7,5.37,"Tympanocryptis lineata"
"AA15243","N_Can",-35.0860814973718,149.289866505418,"2013","U","J",26.1,2.13,"Tympanocryptis lineata"
"AA61575","W_Can",-35.4313419675474,149.050291254275,"2014","U","SA",38.3,3.96,"Tympanocryptis lineata"
"AA67176*","N_Can",-35.0688886308042,149.283562390243,"2016","M","A",69.7,4.37,"Tympanocryptis lineata"
"AA67292","S_Can",-35.5070692608208,149.176006712714,"2016","","J",21.6,2.67,"Tympanocryptis lineata"
"AA67300","S_Can",-35.5096628207929,149.17884088912,"2016","","J",26.6,2.84,"Tympanocryptis lineata"
"AA14584","W_Can",-35.4253688276746,149.059559964966,"2007","M","A",52.5,5.8,"Tympanocryptis lineata"
"AA14803","W_Can",-35.4477539675231,149.053525864108,"2008","J","J",20.9,3.56,"Tympanocryptis lineata"
"AA14834","W_Can",-35.4400651572023,149.029778746678,"2008","J","SA",39.6,2.96,"Tympanocryptis lineata"
"AA14522","S_Can",-35.5111264480807,149.194369693822,"2006","M?",NA,NA,NA,"Tympanocryptis lineata"
"AA14530","S_Can",-35.5003845490109,149.191264232358,"2006","F?",NA,NA,NA,"Tympanocryptis lineata"
"AA14960","S_Can",-35.520209428579,149.187890087531,"2011","M","A",71.2,5.03,"Tympanocryptis lineata"
"AA67285","S_Can",-35.490331455351,149.174695987723,"2016","","J",23.7,2.73,"Tympanocryptis lineata"
"AA15247","S_Can",-35.4938826275543,149.191091653077,"2014","u","J",35.9,2.93,"Tympanocryptis lineata"
"AA61608","S_Can",-35.4945758836439,149.186787436593,"2013","M","A",52.9,5.68,"Tympanocryptis lineata"
"AA67244","W_Can",-35.4525842532048,149.051353890333,"2016","M","A",61.3,5.8,"Tympanocryptis lineata"
"AA67293","S_Can",-35.4988696960943,149.164242432212,"2016","F","SA",46.5,3.71,"Tympanocryptis lineata"
"AA67407","N_Can",-35.0752835898355,149.270531719501,"2017","U","J",20.1,4.3,"Tympanocryptis lineata"
"AA14586","N_Can",-35.0961081580405,149.28836967875,"2007","F","A",69.7,6.12,"Tympanocryptis lineata"
"AA14818","W_Can",-35.4355563860256,149.054239628235,"2008","J","J",24.7,2.47,"Tympanocryptis lineata"
"AA14857","W_Can",-35.4315644720844,149.030784096623,"2009","J","J",23.4,2.81,"Tympanocryptis lineata"
"AA14523","S_Can",-35.498690060632,149.165141866646,"2006","U",NA,NA,NA,"Tympanocryptis lineata"
"AA14924","N_Can",-35.0969103136108,149.294956445887,"2009","M","A",65,5.82,"Tympanocryptis lineata"
"AA14963","N_Can",-35.100055017212,149.300044342419,"2011","F?","SA",41.8,4.22,"Tympanocryptis lineata"
"AA67286","S_Can",-35.4983717693247,149.170785352254,"2016","M","SA",46.8,3.87,"Tympanocryptis lineata"
"AA15248","W_Can",-35.4348691937526,149.034873200069,"2014","U","J",22.3,3.08,"Tympanocryptis lineata"
"AA61609","S_Can",-35.5040645176402,149.184303466729,"2013","M","A",57.7,6.15,"Tympanocryptis lineata"
"AA67283","S_Can",-35.4891461112365,149.174635548092,"2016","U","J",21.2,3.62,"Tympanocryptis lineata"
"AA67294","S_Can",-35.4983042452608,149.176003132531,"2016","","SA",47.6,4.37,"Tympanocryptis lineata"
"AA67408","N_Can",-35.089434797732,149.30309212792,"2017","U","J",21.3,2.69,"Tympanocryptis lineata"
"AA14589","W_Can",-35.4425732593673,149.053034000848,"2007","M","A",57.1,5.93,"Tympanocryptis lineata"
"AA14822","W_Can",-35.4582998194037,149.050465508105,"2008","J","J",21,3.16,"Tympanocryptis lineata"
"AA14860","W_Can",-35.4548583484402,149.062626813497,"2009","J","J",36,2.9,"Tympanocryptis lineata"
"AA14524","S_Can",-35.5193524079122,149.175647898434,"2006","F?",NA,NA,NA,"Tympanocryptis lineata"
"AA14944","S_Can",-35.5023171307585,149.183912361838,"2010","J","J",22,2.44,"Tympanocryptis lineata"
"AA14964","S_Can",-35.5111336157541,149.171611678464,"2011","M","J",22,3.38,"Tympanocryptis lineata"
"AA67287","S_Can",-35.5151318180984,149.172823665652,"2016","F","SA",42.8,4.44,"Tympanocryptis lineata"
"AA15249","W_Can",-35.4388043197508,149.061207533393,"2014","U","J",26.7,3.15,"Tympanocryptis lineata"
"AA61611","S_Can",-35.5084063755486,149.172026883198,"2014","u","J",37.7,2.11,"Tympanocryptis lineata"
"AA67295","S_Can",-35.4955307379517,149.176733514803,"2016","","SA",39.5,4.42,"Tympanocryptis lineata"
"AA67409","N_Can",-35.0764118003464,149.290478265653,"2017","U","J",25.5,2.91,"Tympanocryptis lineata"
"AA14590","W_Can",-35.4389937315461,149.048329203128,"2007","J","J",31.7,3.29,"Tympanocryptis lineata"
"AA14823","W_Can",-35.429892730988,149.038782918763,"2008","M","A",65.7,5.06,"Tympanocryptis lineata"
"AA14898","W_Can",-35.4393430271733,149.042418865782,"2009","J","SA",46.6,4.04,"Tympanocryptis lineata"
"AA14525","S_Can",-35.5025198801564,149.187895030545,"2006","F?",NA,NA,NA,"Tympanocryptis lineata"
"AA14945","S_Can",-35.5028545162001,149.179525680029,"2010","J","J",21.8,2.96,"Tympanocryptis lineata"
"AA14969","S_Can",-35.4869225535553,149.176404260192,"2012","U","",NA,NA,"Tympanocryptis lineata"
"AA67288","S_Can",-35.509099490749,149.176230486265,"2016","U","SA",38.4,3.26,"Tympanocryptis lineata"
"AA15250","W_Can",-35.448998291369,149.039126296715,"2014","F","A",48.5,4.93,"Tympanocryptis lineata"
"AA61613","S_Can",-35.4934477781179,149.185125270427,"2013","u","J",30.2,3.18,"Tympanocryptis lineata"
"AA67296","S_Can",-35.5012041224107,149.162783928424,"2016","","SA",45.7,3.98,"Tympanocryptis lineata"
"AA67410","W_Can",-35.4461310566396,149.044511341051,"2017","F","A",66.2,4.64,"Tympanocryptis lineata"
"AA14592","W_Can",-35.4327417841205,149.054702676987,"2007","M","SA",39.4,3.68,"Tympanocryptis lineata"
"AA14829","W_Can",-35.4203701197516,149.045272880414,"2008","M","SA",45.1,4.08,"Tympanocryptis lineata"
"AA14920","W_Can",-35.4332580833777,149.03302692767,"2009","M","A",77,5.7,"Tympanocryptis lineata"
"AA14526","S_Can",-35.483967326027,149.177762566062,"2006","M?",NA,NA,NA,"Tympanocryptis lineata"
"AA14946","W_Can",-35.4368987232335,149.044320807114,"2010","J","",NA,NA,"Tympanocryptis lineata"
"AA15000","S_Can",-35.5019723249187,149.173323864246,"2011","J","J",31.2,2.63,"Tympanocryptis lineata"
"AA67516","N_Can",-35.0956131335477,149.306725077397,"2018","U","J",26.6,3.4,"Tympanocryptis lineata"
"AA67489","S_Can",-35.4971299228653,149.199738089139,"2018","","SA",41.3,4.03,"Tympanocryptis lineata"
"AA83365","E_Can",-35.4236679013156,149.234866564005,"2020","M","A",74.6,5.88,"Tympanocryptis lineata"
"AA67435","N_Can",-35.0714658525813,149.298246714503,"2018","U","A",80.5,5.48,"Tympanocryptis lineata"
"AA67443","E_Can",-35.4500967262226,149.230032687124,"2018","","SA",42.2,3.45,"Tympanocryptis lineata"
"AA67491","S_Can",-35.5158599899768,149.190771070382,"2018","","SA",45.7,3.8,"Tympanocryptis lineata"
"AA67262","N_Can",-35.0800576082409,149.301947863232,"2016","u","SA",45.6,4.09,"Tympanocryptis lineata"
"AA83763","S_Can",-35.5083224227918,149.178006467435,"2020","M","A",78.3,5.13,"Tympanocryptis lineata"
"AA67265","N_Can",-35.0880717718494,149.309265290142,"2016","u","J",28.7,3.2,"Tympanocryptis lineata"
"AA67494","S_Can",-35.4923423758326,149.177951951018,"2018","","A",69.3,6.19,"Tympanocryptis lineata"
"AA83764","S_Can",-35.5229864740056,149.18812306479,"2020","F?","SA",44.2,4.94,"Tympanocryptis lineata"
"AA67275","N_Can",-35.069561781381,149.283241944715,"2016","u","SA",39.1,3.18,"Tympanocryptis lineata"
"AA67438","N_Can",-35.0740306148867,149.308034340645,"2018","U","SA",40.4,3.48,"Tympanocryptis lineata"
"AA83353","E_Can",-35.4568242402124,149.232804645915,"2020","M","A",83.3,5.25,"Tympanocryptis lineata"
"AA83737","E_Can",-35.4337159333922,149.232947934075,"2020","M","SA",39.8,2.73,"Tympanocryptis lineata"
"AA14812","W_Can",-35.4474405117463,149.033966955047,"2008","J","J",22.1,2.84,"Tympanocryptis lineata"
"AA14975","W_Can",-35.4274219777293,149.038323765602,"2009","J","J",33,2.96,"Tympanocryptis lineata"
"AA67245","N_Can",-35.0782717342684,149.290219845186,"2016","F","A",50.7,5.61,"Tympanocryptis lineata"
"AA14842","W_Can",-35.4564470441229,149.030822441629,"2008","J","J",32.3,2.79,"Tympanocryptis lineata"
"AA67179","N_Can",-35.0700654291774,149.276517616669,"2016","M","A",65.4,6.1,"Tympanocryptis lineata"
"AA14597","W_Can",-35.4415004335269,149.046485264475,"2007","M","SA",41.4,3.84,"Tympanocryptis lineata"
"AA14806","N_Can",-35.0563199515963,149.307954796141,"2008",NA,"J",30.5,3.17,"Tympanocryptis lineata"
"AA83755","E_Can",-35.4440515401644,149.230982701439,"2020","M","A",59.4,5.27,"Tympanocryptis lineata"
"AA14931","W_Can",-35.4449726427767,149.040734489074,"2009","M","SA",44,3.48,"Tympanocryptis lineata"
"AA14567","W_Can",-35.4574821609173,149.048650295032,"2006","M","SA",47.1,3.35,"Tympanocryptis lineata"
"AA14950","N_Can",-35.0891843060386,149.29647838636,"2010","M?","SA",39.6,4.78,"Tympanocryptis lineata"
"AA14564","W_Can",-35.4556935045828,149.047216663439,"2006","M","A",73.7,6.55,"Tympanocryptis lineata"
"AA67241","N_Can",-35.0970569785882,149.276436910003,"2016","M","A",70.8,5.47,"Tympanocryptis lineata"
"AA15236","N_Can",-35.0719941075985,149.277267568262,"2013","M","J",35.5,2.8,"Tympanocryptis lineata"
"AA14811","W_Can",-35.4315191309198,149.03844506161,"2008","J","SA",40,4.53,"Tympanocryptis lineata"
"AA14581","W_Can",-35.4634560299847,149.04538675017,"2007","J","J",30,2.96,"Tympanocryptis lineata"
"AA14804","W_Can",-35.4503262983814,149.03803011818,"2008","J","J",33,3.12,"Tympanocryptis lineata"
"AA14809","W_Can",-35.4595982948944,149.040250027041,"2008","J","J",24.4,3.24,"Tympanocryptis lineata"
"AA14593","N_Can",-35.0817115536165,149.283214418571,"2007","M","A",57.9,5.37,"Tympanocryptis lineata"
"AA14813","W_Can",-35.4412524655573,149.057315349864,"2008","F","A",78.6,5.72,"Tympanocryptis lineata"
"AA14984","N_Can",-35.0843413602887,149.286935464511,"2009","M","SA",45.4,4.09,"Tympanocryptis lineata"
"AA67181","N_Can",-35.0844757534556,149.290654722801,"2016","M","SA",38.9,2.81,"Tympanocryptis lineata"
"AA67270","N_Can",-35.0857469514393,149.294255331605,"2016","u","J",36.9,3.7,"Tympanocryptis lineata"
"AA14918","N_Can",-35.077748110775,149.297664176357,"2009","M",NA,NA,NA,"Tympanocryptis lineata"
"AA14938","N_Can",-35.0819137288275,149.283463123526,"2010",NA,"J",36.8,2.62,"Tympanocryptis lineata"
"AA61633","N_Can",-35.0959022065534,149.271949195449,"2016","u","J",33.8,3.23,"Tympanocryptis lineata"
"AA14802","W_Can",-35.4296692645685,149.048904890466,"2008","J","J",35.7,3.26,"Tympanocryptis lineata"
"AA14940","W_Can",-35.4534588829078,149.04388725215,"2010","J","",NA,NA,"Tympanocryptis lineata"
"AA14992","W_Can",-35.4379561830747,149.050870569615,"2009","J","J",26.8,3.77,"Tympanocryptis lineata"
"AA14828","W_Can",-35.4726405533062,149.046434664714,"2008","J","J",28.9,2.99,"Tympanocryptis lineata"
"AA83736","E_Can",-35.4500452386589,149.242575067861,"2020","M?","SA",43.3,3,"Tympanocryptis lineata"
"AA14808","W_Can",-35.4606004852288,149.041563396773,"2008","J","J",25.5,2.58,"Tympanocryptis lineata"
"AA14838","N_Can",-35.0823610361326,149.303766154808,"2008",NA,"J",20.5,3.33,"Tympanocryptis lineata"
"AA14917","N_Can",-35.094651742438,149.288969085326,"2009","F","SA",44.2,4.8,"Tympanocryptis lineata"
"AA14549","W_Can",-35.4620366328314,149.035898277285,"2006","M","A",83.1,5.19,"Tympanocryptis lineata"
"AA14585","W_Can",-35.4293779645243,149.034331575913,"2007","J","SA",45.9,4.21,"Tympanocryptis lineata"
"AA14891","N_Can",-35.0636140793526,149.291130260233,"2009","M","SA",42.8,3.83,"Tympanocryptis lineata"
"AA14916","N_Can",-35.0753878707198,149.291194338043,"2009","M","SA",44.2,3.85,"Tympanocryptis lineata"
"AA14821","W_Can",-35.4397260824154,149.040915606,"2008","J","J",28.9,3.76,"Tympanocryptis lineata"
"AA14927","W_Can",-35.4485555183911,149.053881378848,"2009","M","A",70.4,6.17,"Tympanocryptis lineata"
"AA14563","W_Can",-35.4434269230947,149.04296178788,"2006","M","SA",42.8,3.78,"Tympanocryptis lineata"
"AA67171","N_Can",-35.0824506253413,149.308115579297,"2016","F","A",72.4,5.86,"Tympanocryptis lineata"
"AA14914","W_Can",-35.4395793835823,149.045732950952,"2009","M","A",64.1,5.44,"Tympanocryptis lineata"
"AA14817","W_Can",-35.433250740027,149.050300742206,"2008","J","SA",45.7,2.71,"Tympanocryptis lineata"
"AA14915","N_Can",-35.0735966538955,149.280519725674,"2009","M","A",78.8,5.04,"Tympanocryptis lineata"
"AA15234","N_Can",-35.0781088408021,149.29288147085,"2013","M","SA",47.4,3.96,"Tympanocryptis lineata"
"AA14591","W_Can",-35.4206300493633,149.032107242078,"2007","J","J",37.8,2.33,"Tympanocryptis lineata"
"AA83373","E_Can",-35.4376705724141,149.228402265203,"2020","F","A",83.9,5.7,"Tympanocryptis lineata"
"AA14843","W_Can",-35.4502422924635,149.046580151185,"2008","M","SA",47.9,3.91,"Tympanocryptis lineata"
"AA14942","N_Can",-35.0849980833755,149.287263747684,"2010",NA,"J",21.6,2.61,"Tympanocryptis lineata"
"AA67428","E_Can",-35.4434789870483,149.224086006816,"2018","","A",78.7,5.89,"Tympanocryptis lineata"
"AA14837","W_Can",-35.4355995028448,149.042142292516,"2008","F","SA",46.3,4.04,"Tympanocryptis lineata"
"AA14548","W_Can",-35.4255668248822,149.049966223433,"2006","M","A",77.4,4.29,"Tympanocryptis lineata"
"AA67496","E_Can",-35.4423047670691,149.227426467586,"2018","","SA",39.1,4.1,"Tympanocryptis lineata"
"AA67167","N_Can",-35.0819424488911,149.28028367288,"2016","M","A",80.6,4.47,"Tympanocryptis lineata"
"AA14848","N_Can",-35.0713462050662,149.288742841917,"2009","F","A",74.6,5.15,"Tympanocryptis lineata"
"AA67269","N_Can",-35.0921492065939,149.295732577014,"2016","u","J",33.9,2.67,"Tympanocryptis lineata"
"AA14551","W_Can",-35.4392950544936,149.037318617434,"2006","F?","SA",43.7,3.5,"Tympanocryptis lineata"
"AA14559","W_Can",-35.4419766969523,149.024441609082,"2006","F?","SA",40.2,3.64,"Tympanocryptis lineata"
"AA14333","W_Can",-35.4465132258172,149.036514742961,"2006","F?","A",83.5,5.8,"Tympanocryptis lineata"
"AA14820","W_Can",-35.4602721584743,149.031168588269,"2008","J","J",31.4,2.86,"Tympanocryptis lineata"
"AA61564","W_Can",-35.4510606991469,149.042985770061,"2016","M","A",65.9,5.83,"Tympanocryptis lineata"
"AA14989","N_Can",-35.0862240253752,149.286849749739,"2009","J","J",29.9,2.46,"Tympanocryptis lineata"
"AA67507","E_Can",-35.4435394014863,149.232325111681,"2018","M","SA",40.4,4,"Tympanocryptis lineata"
"AA14342","W_Can",-35.4376240375704,149.042676527119,"2006","F?","A",59.1,6.66,"Tympanocryptis lineata"
"AA14371","W_Can",-35.4311076925728,149.043086871838,"2006","F?","A",82,6.1,"Tympanocryptis lineata"
"AA83757","E_Can",-35.43510724222,149.229694825698,"2020","F","SA",41.6,4.58,"Tympanocryptis lineata"
"AA67276","N_Can",-35.0885689170212,149.28626721446,"2016","u","SA",47,4.34,"Tympanocryptis lineata"
"AA14955","W_Can",-35.4345161873707,149.042821133439,"2010","M","",NA,NA,"Tympanocryptis lineata"
"AA14598","W_Can",-35.4682365900004,149.037722891673,"2007","M","A",59.7,6.15,"Tympanocryptis lineata"
"AA14533","W_Can",-35.4442895708955,149.042545211018,"2006","M","SA",47.6,4.56,"Tympanocryptis lineata"
"AA14599","N_Can",-35.0808912281696,149.300321422579,"2007","F","A",54.5,5.19,"Tympanocryptis lineata"
"AA14556","W_Can",-35.4497480337256,149.049789029825,"2006","M","A",77.9,4.99,"Tympanocryptis lineata"
"AA14919","W_Can",-35.4278777368332,149.028112224465,"2009","M","A",55.7,5.69,"Tympanocryptis lineata"
"AA67280","N_Can",-35.0928444951471,149.305794932359,"2016","M","A",78.5,5.22,"Tympanocryptis lineata"
"AA14976","N_Can",-35.0935590232669,149.299710129903,"2009","J","J",21.7,3.28,"Tympanocryptis lineata"
"AA67111","W_Can",-35.4435963582994,149.043912037728,"2016","M","A",84.1,6.04,"Tympanocryptis lineata"
"AA15233","N_Can",-35.0845536154582,149.290776189074,"2013","M","SA",39.3,4.33,"Tympanocryptis lineata"
"AA15238","N_Can",-35.0786757509587,149.280987429588,"2013","U","J",33.7,2.36,"Tympanocryptis lineata"
"AA14854","W_Can",-35.4334589018333,149.052126742739,"2009","J","J",35.3,2.36,"Tympanocryptis lineata"
"AA14923","N_Can",-35.0910321302386,149.284427164781,"2009","F","A",71,6.17,"Tympanocryptis lineata"
"AA14853","W_Can",-35.4371468113759,149.039082910584,"2009","J","J",21.5,3.42,"Tympanocryptis lineata"
"AA67266","N_Can",-35.0770079721596,149.282786094616,"2016","M","A",70.4,5.85,"Tympanocryptis lineata"
"AA83362","E_Can",-35.45270118643,149.216211280957,"2020","","SA",46.6,5.33,"Tympanocryptis lineata"
"AA14888","W_Can",-35.4489831529677,149.04526248547,"2009","M","A",79.4,5.97,"Tympanocryptis lineata"
"AA14839","W_Can",-35.4537385846859,149.04548830479,"2008","M","SA",41.1,3.49,"Tympanocryptis lineata"
"AA14957","W_Can",-35.4434854530738,149.052430835064,"2010","M","",NA,NA,"Tympanocryptis lineata"
"AA14977","W_Can",-35.4322193679456,149.046283650883,"2009","F","SA",41.7,3.78,"Tympanocryptis lineata"
"AA67186","N_Can",-35.067501215422,149.288965579116,"2016","u","J",21,3.51,"Tympanocryptis lineata"
"AA67174","N_Can",-35.081298575628,149.304519051439,"2016","u","J",27.6,3.44,"Tympanocryptis lineata"
"AA14990","W_Can",-35.4411790547336,149.025139280996,"2009","M","SA",43.8,5.17,"Tympanocryptis lineata"
"AA67256","N_Can",-35.0812956909852,149.292060247881,"2016","u","J",20.5,2.09,"Tympanocryptis lineata"
"AA14545","W_Can",-35.4330646548224,149.042151232406,"2006","M","SA",42.7,4.63,"Tympanocryptis lineata"
"AA14912","W_Can",-35.4435934786681,149.047456201407,"2009","F","A",82.5,6.63,"Tympanocryptis lineata"
"AA15237","N_Can",-35.073822226424,149.294006234202,"2013","U","J",29.2,3.85,"Tympanocryptis lineata"
"AA14962","W_Can",-35.4504789992851,149.057762205409,"2011","J","",NA,NA,"Tympanocryptis lineata"
"AA14531","W_Can",-35.4384879423005,149.047902912875,"2006","M","SA",46.5,4.03,"Tympanocryptis lineata"
"AA67508","E_Can",-35.4442120103106,149.232301847875,"2018","","J",36.6,3.62,"Tympanocryptis lineata"
"AA14304","W_Can",-35.4423760006571,149.051115305725,"2006","M?","SA",40.2,4.95,"Tympanocryptis lineata"
"AA67177","N_Can",-35.0653848996855,149.293083041442,"2016","u","J",29.3,2.47,"Tympanocryptis lineata"
"AA14505","W_Can",-35.4398467227272,149.047517063216,"2006","F?","A",69.7,5.85,"Tympanocryptis lineata"
"AA14595","W_Can",-35.441943192546,149.037307240518,"2007","M","A",79.2,5.95,"Tympanocryptis lineata"
"AA14580","W_Can",-35.4353385483793,149.04341631645,"2007","M","A",63,5.91,"Tympanocryptis lineata"
"AA14579","W_Can",-35.4556183144781,149.034817513878,"2007","F","SA",46.3,3.37,"Tympanocryptis lineata"
"AA14458","W_Can",-35.4401643510308,149.045711140829,"2006","F?","A",84,5.79,"Tympanocryptis lineata"
"AA67264","N_Can",-35.0795404977741,149.303249345558,"2016","u","J",21.4,2.48,"Tympanocryptis lineata"
"AA14849","N_Can",-35.0825208281524,149.319875879256,"2009","F","A",52.3,6.07,"Tympanocryptis lineata"
"AA14558","W_Can",-35.4441552012813,149.0487461769,"2006","M","A",51,4.84,"Tympanocryptis lineata"
"AA14544","W_Can",-35.4345006561816,149.037626631995,"2006","F","A",80.2,5,"Tympanocryptis lineata"
"AA14543","W_Can",-35.4438957014448,149.064526461153,"2006","F","SA",45.1,4.82,"Tympanocryptis lineata"
"AA83758","E_Can",-35.4334398580996,149.23668168165,"2020","M","A",51.5,4.75,"Tympanocryptis lineata"
"AA14546","W_Can",-35.4534857674869,149.023336459837,"2006","F","A",54.7,4.78,"Tympanocryptis lineata"
"AA14574","W_Can",-35.4468440029045,149.0350531646,"2007","J","J",22.5,2.64,"Tympanocryptis lineata"
"AA14576","W_Can",-35.438322449746,149.05894419995,"2007","J","J",37.6,2.6,"Tympanocryptis lineata"
"AA14926","W_Can",-35.4514198876923,149.029372699094,"2009","F","A",71.2,6.17,"Tympanocryptis lineata"
"AA14351","W_Can",-35.4335437395406,149.045360310931,"2006","F","A",48.1,5.55,"Tympanocryptis lineata"
"AA67172","N_Can",-35.0702007831187,149.277043960046,"2016","u","J",35.5,4.02,"Tympanocryptis lineata"
"AA67165","N_Can",-35.0773719513827,149.291415812747,"2016","u","J",36.7,3.01,"Tympanocryptis lineata"
"AA67456","E_Can",-35.4504603781657,149.23823768829,"2018","","SA",43.8,3.8,"Tympanocryptis lineata"
"AA67469","E_Can",-35.4489464804737,149.229030654182,"2018","","A",70.3,5.69,"Tympanocryptis lineata"
"AA67425","E_Can",-35.4381216230071,149.231137167333,"2018","","SA",46.7,4.43,"Tympanocryptis lineata"
"AA67184","N_Can",-35.0931770037491,149.283410863527,"2016","u","A",71.8,5.08,"Tympanocryptis lineata"
"AA83371","E_Can",-35.4414254841118,149.231189128636,"2020","M","A",48.7,5.19,"Tympanocryptis lineata"
"AA14600","N_Can",-35.0677418079712,149.278051830993,"2007","F","A",72.2,5.49,"Tympanocryptis lineata"
"AA14582","W_Can",-35.4272658842646,149.050687496146,"2007","J","J",29.6,2.52,"Tympanocryptis lineata"
"AA14929","W_Can",-35.4563629144268,149.040911523973,"2009","F","A",54.5,5.74,"Tympanocryptis lineata"
"AA83360","E_Can",-35.4425542116813,149.220650748899,"2020","M","A",71.9,4.36,"Tympanocryptis lineata"
"AA67247","N_Can",-35.0907835296266,149.300917914318,"2016","u","SA",40.7,3.94,"Tympanocryptis lineata"
"AA61565","W_Can",-35.4385890944982,149.055084028443,"2016","M","A",66.1,6.36,"Tympanocryptis lineata"
"AA67255","N_Can",-35.07584157647,149.277628669087,"2016","u","J",21.2,3.98,"Tympanocryptis lineata"
"AA14532","W_Can",-35.4636575805062,149.040930881167,"2006","F","A",76.8,5.63,"Tympanocryptis lineata"
"AA67461","E_Can",-35.449870282329,149.213471135164,"2018","","SA",44.2,3.97,"Tympanocryptis lineata"
"AA83361","E_Can",-35.4292341186387,149.234771478787,"2020","F","A",79.7,6.19,"Tympanocryptis lineata"
"AA83350","E_Can",-35.4572789908723,149.238943001911,"2020","M","A",74.8,5.22,"Tympanocryptis lineata"
"AA14943","N_Can",-35.0862904930727,149.302269959159,"2010",NA,"J",20.6,2.77,"Tympanocryptis lineata"
"AA14596","W_Can",-35.44617732397,149.035619212946,"2007","F","A",58.2,5.05,"Tympanocryptis lineata"
"AA14810","W_Can",-35.4416131140197,149.06003888014,"2008","J","J",27,3.1,"Tympanocryptis lineata"
"AA67497","E_Can",-35.4256382688284,149.222554710032,"2018","","SA",47.6,3.51,"Tympanocryptis lineata"
"AA67249","N_Can",-35.0826640651357,149.288767984051,"2016","M","A",68.4,5.79,"Tympanocryptis lineata"
"AA14948","W_Can",-35.4415507325225,149.058808037869,"2010","J","",NA,NA,"Tympanocryptis lineata"
"AA67277","W_Can",-35.451910811001,149.025943409385,"2016","M","SA",38.2,4.63,"Tympanocryptis lineata"
"AA67433","E_Can",-35.4512068750782,149.224256928477,"2018","","J",37.3,3.13,"Tympanocryptis lineata"
"AA67466","E_Can",-35.4451721507654,149.259578567627,"2018","","SA",43.8,4.05,"Tympanocryptis lineata"
"AA14539","W_Can",-35.4315831313469,149.046630855832,"2006","M","A",73,5.36,"Tympanocryptis lineata"
"AA61560","N_Can",-35.0780490194884,149.293884871112,"2016","M","A",82.4,5.6,"Tympanocryptis lineata"
"AA14594","N_Can",-35.0845604251913,149.29696871946,"2007","F?","SA",40.2,3.67,"Tympanocryptis lineata"
"AA14941","N_Can",-35.0968932076666,149.291736877616,"2010",NA,"J",22.8,2.84,"Tympanocryptis lineata"
"AA14974","W_Can",-35.4312330857612,149.044838462689,"2009","J","J",37.2,3.36,"Tympanocryptis lineata"
"AA14889","W_Can",-35.4512995604959,149.034155519692,"2009","M","A",75.3,6.05,"Tympanocryptis lineata"
"AA14535","W_Can",-35.4540012755404,149.036792602721,"2006","M","A",79.7,6.03,"Tympanocryptis lineata"
"AA67251","N_Can",-35.0782627949277,149.2859136604,"2016","u","J",20.7,2.7,"Tympanocryptis lineata"
"AA14922","N_Can",-35.087191119288,149.295066953898,"2009","F","A",52.6,5.64,"Tympanocryptis lineata"
"AA67273","W_Can",-35.4338875847794,149.061904210023,"2016","F","A",76.6,6.84,"Tympanocryptis lineata"
"AA67495","E_Can",-35.4379519326593,149.23251363487,"2018","","A",73,5.61,"Tympanocryptis lineata"
"AA67429","E_Can",-35.4379437803157,149.217835372107,"2018","","A",57.6,5.16,"Tympanocryptis lineata"
"AA67187","N_Can",-35.0764263054452,149.30247094006,"2016","u","J",27.6,3.22,"Tympanocryptis lineata"
"AA14414","W_Can",-35.4390807960635,149.044617617483,"2006","M?","A",82.6,6.23,"Tympanocryptis lineata"
"AA14801","N_Can",-35.0783551634237,149.297401783199,"2007","F","A",60.6,5.46,"Tympanocryptis lineata"
"AA14807","N_Can",-35.0689140057496,149.304122536647,"2008",NA,"J",23.2,2.18,"Tympanocryptis lineata"
"AA14937","N_Can",-35.0800294313632,149.278674425332,"2010",NA,"J",30.3,2.15,"Tympanocryptis lineata"
"AA14835","W_Can",-35.4380838318954,149.028709426946,"2008","F","SA",44.7,4.8,"Tympanocryptis lineata"
"AA14547","W_Can",-35.4286572429023,149.047285744687,"2006","M","SA",41.2,5.08,"Tympanocryptis lineata"
"AA14968","W_Can",-35.4440625944999,149.024177760603,"2012","F","",NA,NA,"Tympanocryptis lineata"
"AA14961","W_Can",-35.4333376072279,149.040187163498,"2011","M","",NA,NA,"Tympanocryptis lineata"
"AA67506","E_Can",-35.4481826311631,149.237556287116,"2018","M","SA",40.2,4.75,"Tympanocryptis lineata"
"AA14540","W_Can",-35.4417536563421,149.061133887163,"2006","M","SA",38.7,4.03,"Tympanocryptis lineata"
"AA14431","W_Can",-35.4334651853322,149.040336486769,"2006",NA,"A",72.4,5.36,"Tympanocryptis lineata"
"AA83348","E_Can",-35.4472492926105,149.242112589466,"2020","F","A",65,5.78,"Tympanocryptis lineata"
"AA14573","N_Can",-35.0724463366045,149.311555039394,"2007","F","A",65.4,5.39,"Tympanocryptis lineata"
"AA14583","N_Can",-35.0724283615858,149.292588657807,"2007",NA,"J",22.3,2.7,"Tympanocryptis lineata"
"AA14577","W_Can",-35.4450308283001,149.053069187023,"2007","J","J",23.3,2.94,"Tympanocryptis lineata"
"AA14913","W_Can",-35.4365004854498,149.061700684038,"2009","M","A",48,6.39,"Tympanocryptis lineata"
"AA67518","E_Can",-35.4520927831924,149.22606850205,"2018","M","SA",44.7,3.07,"Tympanocryptis lineata"
"AA14991","W_Can",-35.4359551846686,149.041924364282,"2009","J","",NA,NA,"Tympanocryptis lineata"
"AA67246","N_Can",-35.0872502729865,149.284630498664,"2016","M","A",84.7,5.24,"Tympanocryptis lineata"
"AA67430","E_Can",-35.4454892419741,149.228903444541,"2018","","A",52.6,6.37,"Tympanocryptis lineata"
"AA14362","W_Can",-35.4446615911116,149.039106473824,"2006","M?","A",55.6,5.99,"Tympanocryptis lineata"
"AA14565","W_Can",-35.4492381845062,149.037941905896,"2006","F","A",61.2,5.55,"Tympanocryptis lineata"
"AA14534","W_Can",-35.4385628608045,149.061612677345,"2006","F","A",48.7,4.73,"Tympanocryptis lineata"
"AA14588","W_Can",-35.4533885026928,149.049558790586,"2007","J","J",32.8,2.71,"Tympanocryptis lineata"
"AA14895","W_Can",-35.4413821989458,149.042261386543,"2009","J","J",23.5,2.82,"Tympanocryptis lineata"
"AA14578","W_Can",-35.449717148354,149.046226870797,"2007","J","J",29,3.47,"Tympanocryptis lineata"
"AA14899","W_Can",-35.4512189280378,149.037152959126,"2009","J","J",37,2.33,"Tympanocryptis lineata"
"AA67279","N_Can",-35.0882712523715,149.289434820746,"2016","F","A",63.6,5.49,"Tympanocryptis lineata"
"AA67175","N_Can",-35.1009307383652,149.291574495039,"2016","U","J",23.4,3.05,"Tympanocryptis lineata"
"AA099092","E_Can",-35.4376398947814,149.25034621174,"2021",NA,"J",27.8,2.84,"Tympanocryptis lineata"
"AA099101","E_Can",-35.4333896852758,149.242293971041,"2021",NA,"SA",42.5,4.09,"Tympanocryptis lineata"
"AA67358","S_Can",-35.4998469102681,149.182690963191,"2016","U",NA,NA,NA,"Tympanocryptis lineata"
"AA67304","S_Can",-35.4931966138266,149.171241349745,"2016","U",NA,NA,NA,"Tympanocryptis lineata"
"AA67257","N_Can",-35.0793476799151,149.281819729261,"2016","u","J",30.4,2.62,"Tympanocryptis lineata"
"AA099093","E_Can",-35.4446419516728,149.214877015111,"2021","M","SA",39,3.92,"Tympanocryptis lineata"
"AA083357","E_Can",-35.4342369561635,149.235268051439,"2021","U","J",26.3,2.34,"Tympanocryptis lineata"
"AA083366","S_Can",-35.5165048785788,149.182463361762,"2021","U","A",71.7,6.3,"Tympanocryptis lineata"
"AA67353","S_Can",-35.4944736791269,149.187777021299,"2016","U",NA,NA,NA,"Tympanocryptis lineata"
"AA67305","S_Can",-35.5033510898163,149.174373800296,"2016","U",NA,NA,NA,"Tympanocryptis lineata"
"AA67312","S_Can",-35.4986998160712,149.182292375828,"2016","U","J",27.8,2.8,"Tympanocryptis lineata"
"AA099502","E_Can",-35.440297852855,149.224900063421,"2021","F","A",49.3,5.27,"Tympanocryptis lineata"
"AA083358","E_Can",-35.4598183934206,149.246812316655,"2021","U","J",32,3.3,"Tympanocryptis lineata"
"AA67306","S_Can",-35.5048646671902,149.191286397592,"2016","U","SA",38.8,3.54,"Tympanocryptis lineata"
"AA099094","E_Can",-35.4393654505641,149.223963782464,"2021","M","A",80.8,5.9,"Tympanocryptis lineata"
"AA083363","E_Can",-35.4538631102276,149.224354443758,"2021","U","J",37,3.04,"Tympanocryptis lineata"
"AA67356","S_Can",-35.5033952861107,149.176851456416,"2016","U",NA,NA,NA,"Tympanocryptis lineata"
"AA67309","S_Can",-35.5074518485948,149.179681736405,"2016","U",NA,NA,NA,"Tympanocryptis lineata"
"AA67470","N_Can",-35.0959093927191,149.280133099971,"2018","U","J",36.5,3.23,"Tympanocryptis lineata"
"AA099095","E_Can",-35.4548291102951,149.238782457028,"2021","M","A",76.7,5.46,"Tympanocryptis lineata"
"AA67361","S_Can",-35.5018668198305,149.188983905341,"2016","U",NA,NA,NA,"Tympanocryptis lineata"
"AA67188","N_Can",-35.0626945342944,149.288509344478,"2016","U","J",23.2,3.06,"Tympanocryptis lineata"
"AA67311","S_Can",-35.5051439850085,149.186551597111,"2016","U",NA,NA,NA,"Tympanocryptis lineata"
"AA083335","S_Can",-35.513703965562,149.179883970591,"2020","M","A",78.7,5.35,"Tympanocryptis lineata"
"AA099097","E_Can",-35.4476291544686,149.234133732958,"2021",NA,"A",64.4,5.27,"Tympanocryptis lineata"
"AA67258","N_Can",-35.0969997906572,149.306147447491,"2016","u","SA",44,4.23,"Tympanocryptis lineata"
"AA67316","S_Can",-35.4896593631714,149.181517401772,"2016","U",NA,NA,NA,"Tympanocryptis lineata"
"AA099090","E_Can",-35.4352654587052,149.233208754313,"2021",NA,"J",37.3,3.71,"Tympanocryptis lineata"
"AA099098","E_Can",-35.431294487123,149.210104475089,"2021",NA,"A",60,4.59,"Tympanocryptis lineata"
"AA67274","N_Can",-35.0808154571242,149.296068514013,"2016","U","J",35.5,2.99,"Tympanocryptis lineata"
"AA67320","S_Can",-35.5029610990922,149.186456730497,"2016","U",NA,NA,NA,"Tympanocryptis lineata"
"AA099091","E_Can",-35.438688403935,149.239492342338,"2021","M","A",73.7,6.07,"Tympanocryptis lineata"
"AA099100","E_Can",-35.4256338836129,149.228696309486,"2021","F","A",83.4,5.83,"Tympanocryptis lineata"
"AA67362","S_Can",-35.5186213082933,149.182954970356,"2016","U",NA,NA,NA,"Tympanocryptis lineata"
"AA14301","W_Can",-35.4484321898697,149.029160313447,"2006","U","J",29.4,2.84,"Tympanocryptis lineata"
"AA14814","W_Can",-35.4240928900246,149.058700849635,"2008","U","J",37,2.91,"Tympanocryptis lineata"
"AA14861","W_Can",-35.4455804937698,149.052721466537,"2009","M",NA,NA,NA,"Tympanocryptis lineata"
"AA14883","S_Can",-35.5013694692348,149.179413534917,"2007","M?",NA,NA,NA,"Tympanocryptis lineata"
"AA14310","W_Can",-35.4358993135948,149.045081426082,"2006","U","J",20.7,3.96,"Tympanocryptis lineata"
"AA14318","W_Can",-35.4424608120763,149.035652257994,"2006","U","J",34.3,1.93,"Tympanocryptis lineata"
"AA14401","W_Can",-35.4540305832023,149.04584985768,"2006",NA,"J",38,1.86,"Tympanocryptis lineata"
"AA14416","W_Can",-35.4328290188216,149.036953262431,"2006",NA,"J",27.6,3.28,"Tympanocryptis lineata"
"AA14426","W_Can",-35.4406113390458,149.051734012363,"2006","F?","SA",41.1,4.49,"Tympanocryptis lineata"
"AA67113","N_Can",-35.0789941667696,149.292253280691,"2017","F","A",55.6,5.74,"Tympanocryptis lineata"
"AA67434","E_Can",-35.4586969991494,149.215627111007,"2018","U","J",31.8,2.78,"Tympanocryptis lineata"
"AA83754","N_Can",-35.0867155415491,149.300281693543,"2020","M","A",63.1,5.52,"Tympanocryptis lineata"
"AA14302","W_Can",-35.4539321488199,149.045785161765,"2006","U","J",34,3.27,"Tympanocryptis lineata"
"AA14840","W_Can",-35.4537383985388,149.031901122534,"2008","U","J",21.7,3.14,"Tympanocryptis lineata"
"AA14862","W_Can",-35.4515428382912,149.03816567247,"2009","U","J",31.2,3,"Tympanocryptis lineata"
"AA14885","S_Can",-35.4821157796292,149.182128291845,"2009","U","J",34.9,3.76,"Tympanocryptis lineata"
"AA14311","W_Can",-35.4616361361306,149.034646901276,"2006","U","J",31.5,3.41,"Tympanocryptis lineata"
"AA14319","W_Can",-35.4443218709547,149.04536800888,"2006","U","J",26.8,3.81,"Tympanocryptis lineata"
"AA14402","W_Can",-35.4492268400692,149.046077534494,"2006",NA,"A",69.2,5.49,"Tympanocryptis lineata"
"AA14417","W_Can",-35.4425666800325,149.037059985613,"2006",NA,"J",20,3.23,"Tympanocryptis lineata"
"AA14427","W_Can",-35.4432279447309,149.046350934637,"2006",NA,"SA",46.2,3.06,"Tympanocryptis lineata"
"AA67114","N_Can",-35.0899728035169,149.292973585422,"2017","U","J",20.2,2.85,"Tympanocryptis lineata"
"AA67436","E_Can",-35.4509530608027,149.230316323102,"2018","U","J",35.7,3.61,"Tympanocryptis lineata"
"AA099503","E_Can",-35.4401975396711,149.241651442297,"2021",NA,"J",20.3,2.85,"Tympanocryptis lineata"
"AA14303","W_Can",-35.4430738052916,149.039942497706,"2006","U","J",28.5,2.81,"Tympanocryptis lineata"
"AA14846","S_Can",-35.5044854455757,149.175653207855,"2009","U","J",27.4,2.89,"Tympanocryptis lineata"
"AA14863","S_Can",-35.5155205358282,149.180288571988,"2009","M",NA,NA,NA,"Tympanocryptis lineata"
"AA14886","S_Can",-35.4970603269567,149.17525331014,"2009","U","J",33.3,2.85,"Tympanocryptis lineata"
"AA14312","W_Can",-35.4374601614742,149.035775607542,"2006","U","A",66,5.75,"Tympanocryptis lineata"
"AA14320","W_Can",-35.4236595821599,149.034299557796,"2006","U","SA",46.2,2.94,"Tympanocryptis lineata"
"AA14403","W_Can",-35.4608003379279,149.05551427042,"2006",NA,"J",28.7,3.13,"Tympanocryptis lineata"
"AA14418","W_Can",-35.4335770443963,149.037216068865,"2006",NA,"J",24.3,3.01,"Tympanocryptis lineata"
"AA14428","W_Can",-35.4259670648564,149.062858939389,"2006","F?","A",84.9,5,"Tympanocryptis lineata"
"AA67421","E_Can",-35.4272642600007,149.214262919958,"2018","U","SA",47.3,3.59,"Tympanocryptis lineata"
"AA67437","E_Can",-35.4594983074043,149.218835967983,"2018","U","SA",38.3,3.94,"Tympanocryptis lineata"
"AA14568","W_Can",-35.454737124502,149.049648091733,"2006","U","J",22.9,2.8,"Tympanocryptis lineata"
"AA14305","W_Can",-35.4381434965724,149.048317702426,"2006","U","J",31.2,3.14,"Tympanocryptis lineata"
"AA14847","S_Can",-35.5017963708572,149.186258895851,"2009","U","J",32.3,2.52,"Tympanocryptis lineata"
"AA14864","S_Can",-35.4908279672192,149.173021020023,"2009","F",NA,NA,NA,"Tympanocryptis lineata"
"AA14892","S_Can",-35.4993657467919,149.192075228342,"2009","U","J",34.6,3.58,"Tympanocryptis lineata"
"AA14313","W_Can",-35.4564900384554,149.045185581006,"2006","U","J",34.7,2.3,"Tympanocryptis lineata"
"AA14321","W_Can",-35.4276370520909,149.052769771536,"2006","U","A",62.8,5.89,"Tympanocryptis lineata"
"AA14405","W_Can",-35.4470297380673,149.057315613779,"2006",NA,"SA",44,3.27,"Tympanocryptis lineata"
"AA14420","W_Can",-35.437330069381,149.046054381481,"2006",NA,"J",23.8,2.99,"Tympanocryptis lineata"
"AA14429","W_Can",-35.4396614517477,149.056325457099,"2006",NA,"SA",39.8,3.62,"Tympanocryptis lineata"
"AA67422","N_Can",-35.0764638928491,149.300227073991,"2018","U","SA",42.9,4.18,"Tympanocryptis lineata"
"AA83347","N_Can",-35.0709941672119,149.281281730705,"2020","F","A",84.5,5.69,"Tympanocryptis lineata"
"AA14569","W_Can",-35.4338281926511,149.054213892074,"2006","U","J",20.7,4.27,"Tympanocryptis lineata"
"AA14306","W_Can",-35.4265678365498,149.042586150543,"2006","U","J",26.1,2.88,"Tympanocryptis lineata"
"AA14852","W_Can",-35.4410198153696,149.025217428372,"2009","M",NA,NA,NA,"Tympanocryptis lineata"
"AA14865","S_Can",-35.5122777399057,149.201755165329,"2009","M",NA,NA,NA,"Tympanocryptis lineata"
"AA14894","W_Can",-35.4356290807889,149.038461812782,"2009","U","J",25.8,2.83,"Tympanocryptis lineata"
"AA14314","W_Can",-35.4409914710126,149.033191773863,"2006","M?","A",79.9,5.73,"Tympanocryptis lineata"
"AA14322","W_Can",-35.4431804066438,149.028897163988,"2006","U","J",30.5,3.14,"Tympanocryptis lineata"
"AA14406","W_Can",-35.4598456344174,149.037288063393,"2006",NA,"J",26.3,2.65,"Tympanocryptis lineata"
"AA14421","W_Can",-35.4465456487618,149.041677860245,"2006","F?","A",70.9,5.86,"Tympanocryptis lineata"
"AA14432","W_Can",-35.4440609206328,149.037868963534,"2006",NA,"J",29.6,2.65,"Tympanocryptis lineata"
"AA67423","E_Can",-35.4374911516125,149.239334145037,"2018","U","SA",47.3,3.82,"Tympanocryptis lineata"
"AA83349","E_Can",-35.4180520157754,149.221420745083,"2020","M?","A",50.3,4.81,"Tympanocryptis lineata"
"AA14570","W_Can",-35.4285351614855,149.061171570682,"2006","U","J",26.6,3.16,"Tympanocryptis lineata"
"AA14307","W_Can",-35.4410727813204,149.045930893645,"2006","U","J",36.3,1.99,"Tympanocryptis lineata"
"AA14856","N_Can",-35.1075865473819,149.289743610252,"2009","U","J",23.4,2.81,"Tympanocryptis lineata"
"AA14867","S_Can",-35.4840609376418,149.186148832753,"2009","U","J",33.8,4.3,"Tympanocryptis lineata"
"AA14897","W_Can",-35.4326504164597,149.046495637186,"2009","U","J",24.8,2.55,"Tympanocryptis lineata"
"AA14315","W_Can",-35.4594370944686,149.05047958834,"2006","U","SA",45.9,2.89,"Tympanocryptis lineata"
"AA14323","W_Can",-35.4387854482915,149.038904495575,"2006","U","J",35.3,3.89,"Tympanocryptis lineata"
"AA14407","W_Can",-35.4529806549332,149.029473840831,"2006",NA,"J",27,2.8,"Tympanocryptis lineata"
"AA14422","W_Can",-35.446808941147,149.027178722729,"2006","M?","SA",42.9,3.06,"Tympanocryptis lineata"
"AA14433","W_Can",-35.4197278523006,149.03412044594,"2006","F?","A",66.9,6.13,"Tympanocryptis lineata"
"AA67426","E_Can",-35.4346942193907,149.22725511409,"2018","U","A",50.1,5.17,"Tympanocryptis lineata"
"AA83354","E_Can",-35.4467142384217,149.225158430914,"2020","","J",34.5,4.01,"Tympanocryptis lineata"
"AA14571","W_Can",-35.4262206858301,149.050070635293,"2006","U","J",33,4.28,"Tympanocryptis lineata"
"AA14308","W_Can",-35.4443800243926,149.045923641626,"2006","U","J",35.5,2.31,"Tympanocryptis lineata"
"AA14858","W_Can",-35.4331855660419,149.063216154584,"2009","U","J",37.8,3.3,"Tympanocryptis lineata"
"AA14868","S_Can",-35.491310826666,149.196507667589,"2009","U","J",36.9,3.64,"Tympanocryptis lineata"
"AA14316","W_Can",-35.4473131625428,149.045838046002,"2006","U","A",54.4,6.07,"Tympanocryptis lineata"
"AA14324","W_Can",-35.4338952051188,149.039061952245,"2006","U","J",22.2,2.21,"Tympanocryptis lineata"
"AA14411","W_Can",-35.4216954970579,149.031644710715,"2006",NA,"J",31.2,3.07,"Tympanocryptis lineata"
"AA14423","W_Can",-35.4198487234887,149.040039638774,"2006",NA,"J",21,3.07,"Tympanocryptis lineata"
"AA14434","W_Can",-35.4556011423419,149.043720456412,"2006","F","J",37.5,2.21,"Tympanocryptis lineata"
"AA67431","E_Can",-35.4336855341111,149.22216407902,"2018","U","J",30.5,2.81,"Tympanocryptis lineata"
"AA83355","E_Can",-35.4411770603759,149.217014323958,"2020","F","A",52.3,5.86,"Tympanocryptis lineata"
"AA14572","W_Can",-35.4477838280825,149.047260592398,"2006","U","J",20.8,2.59,"Tympanocryptis lineata"
"AA14309","W_Can",-35.4544595483562,149.054837781066,"2006","U","J",22.3,2.83,"Tympanocryptis lineata"
"AA14859","W_Can",-35.4426326889932,149.037922388056,"2009","U","J",31.4,2.85,"Tympanocryptis lineata"
"AA14869","S_Can",-35.5153701028132,149.176429505303,"2009","F",NA,NA,NA,"Tympanocryptis lineata"
"AA14317","W_Can",-35.4336008081553,149.047104639878,"2006","U","A",65.4,5.2,"Tympanocryptis lineata"
"AA14325","W_Can",-35.4489151694839,149.052379230368,"2006","U","J",25.3,3.68,"Tympanocryptis lineata"
"AA14415","W_Can",-35.4394254606991,149.044124723474,"2006",NA,"J",26.2,2.62,"Tympanocryptis lineata"
"AA14424","W_Can",-35.4272396332516,149.033796651243,"2006",NA,"J",25.8,2.79,"Tympanocryptis lineata"
"AA61561","W_Can",-35.4316810520973,149.05812682715,"2017","U","J",37.1,1.87,"Tympanocryptis lineata"
"AA67432","E_Can",-35.4279400864049,149.236141371426,"2018","U","J",32.9,3.54,"Tympanocryptis lineata"
"AA83356","E_Can",-35.4439026758317,149.233003258774,"2020","","A",64.5,4.86,"Tympanocryptis lineata"
"AA14575","W_Can",-35.4281882236078,149.046039583966,"2007","U","J",31.3,3.44,"Tympanocryptis lineata"
"AA14413","W_Can",-35.4448870658126,149.04462358101,"2006",NA,"J",31,2.99,"Tympanocryptis lineata"
"AA099508","E_Can",-35.4239424957601,149.212419598418,"2022",NA,"J",34.2,3.21,"Tympanocryptis lineata"
"AA67457","E_Can",-35.4510189764667,149.221142713708,"2018",NA,"J",31.1,3.4,"Tympanocryptis lineata"
"AA67439","E_Can",-35.4488120349334,149.226826043757,"2018",NA,"SA",42.3,3.76,"Tympanocryptis lineata"
"AA67427","E_Can",-35.4526918439566,149.238684384124,"2018","","SA",39.1,4.61,"Tympanocryptis lineata"
"AA083744","E_Can",-35.4347864720818,149.218416398823,"2022","","J",22.5,2.64,"Tympanocryptis lineata"
"AA67459","E_Can",-35.448373896928,149.24342090587,"2018",NA,"J",21.4,3.37,"Tympanocryptis lineata"
"AA67440","S_Can",-35.4879654052937,149.163957501463,"2018","U","SA",43.9,3.88,"Tympanocryptis lineata"
"AA099522","E_Can",-35.4304749799257,149.231538283054,"2022","F?","A",60.4,5.31,"Tympanocryptis lineata"
"AA67462","E_Can",-35.4423058556659,149.221744244239,"2018",NA,"J",32.2,3.22,"Tympanocryptis lineata"
"AA67463","E_Can",-35.4204295948038,149.213708756793,"2018",NA,"J",36.8,2.77,"Tympanocryptis lineata"
"AA083739","E_Can",-35.4415156586084,149.22790824615,"2022","M","J",23.3,3.09,"Tympanocryptis lineata"
"AA67441","E_Can",-35.4472830213331,149.224118989589,"2018",NA,"J",30.4,3.15,"Tympanocryptis lineata"
"AA67464","E_Can",-35.4442260136112,149.249236836025,"2018",NA,"J",23.6,2.61,"Tympanocryptis lineata"
"AA083752","E_Can",-35.4466121058444,149.212084585617,"2022","F?","A",56.7,5.41,"Tympanocryptis lineata"
"AA67454","E_Can",-35.4363727245871,149.228623515575,"2018",NA,"J",21,3.03,"Tympanocryptis lineata"
"AA67453","E_Can",-35.4482056570764,149.242445688374,"2018",NA,"J",22.4,3.38,"Tympanocryptis lineata"
"AA099521","E_Can",-35.4418029079177,149.227623130903,"2022",NA,"J",29.7,3.57,"Tympanocryptis lineata"
"AA099524","E_Can",-35.4466450049578,149.234884466149,"2022","M","J",34.8,3.08,"Tympanocryptis lineata"
"AA67442","E_Can",-35.4366766103099,149.207352572593,"2018",NA,"SA",44,3.84,"Tympanocryptis lineata"
"AA67444","E_Can",-35.4396528035845,149.220830210284,"2018",NA,"A",70.1,6.22,"Tympanocryptis lineata"
"AA083740","E_Can",-35.4348084019123,149.234430588498,"2022","M","J",35,3.33,"Tympanocryptis lineata"
"AA083741","N_Can",-35.1014393810598,149.288643772753,"2022","","J",28.5,2.84,"Tympanocryptis lineata"
"AA67458","E_Can",-35.4323804870234,149.223404852465,"2018",NA,"J",31.4,3.33,"Tympanocryptis lineata"
"AA083738","E_Can",-35.4381641622348,149.219031157443,"2022","F","A",49.7,4.52,"Tympanocryptis lineata"
"AA67455","E_Can",-35.4402502183196,149.227097863051,"2018",NA,"SA",39.6,3.9,"Tympanocryptis lineata"
"AA67465","E_Can",-35.4358043668644,149.240000649863,"2018",NA,"SA",42.5,4.58,"Tympanocryptis lineata"
"AA083742","E_Can",-35.4593167935978,149.22389517678,"2022","F?","SA",42,4.4,"Tympanocryptis lineata"
"AA087668","S_Can",-35.4913432108144,149.19071334463,"2024","F","A",71.3,5.46,"Tympanocryptis lineata"
"AA087669","E_Can",-35.4408799466833,149.243392024692,"2024","F","SA",47.7,4.34,"Tympanocryptis lineata"
"AA087666","E_Can",-35.4541876033224,149.218592216583,"2024","M?","SA",43.9,4.08,"Tympanocryptis lineata"
"AA087663","S_Can",-35.4968010299285,149.180959819892,"2024","U","J",28,3.68,"Tympanocryptis lineata"
"AA087662","S_Can",-35.4989983080009,149.187265537995,"2024","U","SA",42.7,3.85,"Tympanocryptis lineata"
"AA087677","E_Can",-35.4462104617405,149.236869746626,"2024","M?","SA",38.7,3.8,"Tympanocryptis lineata"
"AA087665","E_Can",-35.4335537637172,149.226647296706,"2024","U","J",20.5,3.23,"Tympanocryptis lineata"
"AA087667","E_Can",-35.445485045914,149.219055198294,"2024","M?","SA",42.6,4.59,"Tympanocryptis lineata"
